temperature,vibration,pressure,failure
47.483570765056164,12.798710873172004,93.24821725025619,0.0
44.308678494144075,11.849267365825538,98.55481329284483,0.0
48.23844269050346,10.119260739840348,92.07580079000039,0.0
52.61514928204013,8.706126444588852,96.9203847036096,0.0
43.82923312638332,11.39644662722718,81.06385333046214,0.0
43.8293152152541,10.7869707708435,102.13293707372938,0.0
52.896064077536955,11.790386440055464,100.01205475362224,0.0
48.837173645764544,11.270343603363939,91.82911368931809,0.0
42.65262807032524,12.09910543063867,106.59245668432405,0.0
47.712800217929825,8.929529576878863,109.37570137626558,0.0
42.68291153593769,12.634788131268651,83.92440135631026,0.0
42.671351232148716,10.3951992093848,92.37275221433785,0.0
46.20981135783017,14.150521745250531,92.30857650212701,0.0
57.24221394822527,23.684804958913944,90.60096898891135,1.0
36.375410837434835,13.4719276063305,108.29474841931749,0.0
42.188562353795135,10.395821566925296,98.06173861227197,0.0
39.93584439832788,8.697163992771102,97.35485158689389,0.0
46.57123666297637,9.032228331891357,79.96137635593246,0.0
40.45987962239394,9.35930538361136,106.35418030209226,0.0
37.93848149332354,10.848331892803833,87.60741605146528,0.0
52.32824384460777,11.045670976071,100.59932630266329,0.0
43.87111849756732,8.852599992122842,102.77376937958192,0.0
45.337641023439616,9.951290815478034,113.60658595838652,0.0
37.87625906893272,14.284540717223727,86.91179600880888,0.0
42.27808637737409,13.455086340201422,69.80487844179174,0.0
45.554612948549334,10.872647339348065,101.83849544753694,0.0
39.24503211288849,10.0760069563364,118.00511181510853,0.0
46.87849009172836,10.240062653436523,112.38946352939438,0.0
41.99680655040598,11.227035945460834,102.09659415274626,0.0
43.54153125103362,7.954414869603189,95.08363814367952,0.0
41.991466938853016,9.48524692515331,108.0712259663731,0.0
54.26139092254469,6.662831852244821,90.26453800295532,0.0
44.93251387631033,10.798446245210558,104.7635776935622,0.0
39.7114453552205,11.294391879405483,105.05470159166627,0.0
49.11272456051594,9.033627075401252,110.6020990749888,0.0
38.89578175014489,13.147973526580065,127.59660038911078,0.0
74.84490985630558,23.19294819234512,103.92415967178766,1.0
35.201649380601125,7.07125023958036,94.91036374292501,0.0
38.359069755507846,10.448903637119944,99.74425687808005,0.0
76.00618935316128,23.680982617790132,82.30924095110882,1.0
73.15555894640697,29.452101954231672,93.05286868910942,1.0
45.85684140594985,9.08223147426212,95.90717561886896,0.0
44.4217585880588,12.157361666862592,94.75911602065408,0.0
43.494481522053555,9.922983060998586,101.52354872033722,0.0
37.60739004816286,9.65474540011836,91.775800676178,0.0
41.40077895802646,11.767319874973344,111.21030667324472,0.0
42.696806145201066,11.30464575682684,100.00207064918197,0.0
50.285611131094576,6.847215686031501,99.90699678861385,0.0
76.99015200893936,26.267733214961748,96.72105283487082,1.0
36.18479922318633,12.760182708294902,101.55190683858979,0.0
46.620419846973974,8.748874596980942,108.25098264667635,0.0
43.07458859791842,10.791607066874818,91.32869784289099,0.0
41.61538999847021,10.988060372565478,93.41883510924744,0.0
48.058381444204336,10.521347531647814,96.96273971223336,0.0
50.154997612479754,8.89938969230916,86.54129076526785,0.0
49.65640059558099,8.656753264123896,91.80742140278502,0.0
65.61321195667857,26.15464872353888,95.23779126455341,1.0
43.45393812074393,12.345458038518728,108.74389180712727,0.0
46.65631715701782,11.087200309188864,102.62561329001925,0.0
49.877725635611796,9.258771335827788,101.93589911367545,0.0
59.78868131997148,29.35537929675932,108.50897962167971,1.0
65.44622151181002,20.43934634722963,98.62628211600604,1.0
39.468325129969855,12.297531400744207,103.9046484992889,0.0
39.01896687959665,6.5205724424438,98.96778247067503,0.0
49.06262911197099,9.275118117193736,102.65362349399628,0.0
51.78120014285412,7.760660210747712,94.17241342388418,0.0
44.63994939209833,7.410637048558188,75.61182841723571,0.0
50.01766448946012,12.32165357475704,98.65720837813696,0.0
46.808180125238174,9.064597597376217,114.2274813609994,0.0
41.774401226974376,10.69300776346143,109.26215402241593,0.0
46.80697802754207,9.906158842241632,109.6539748459117,0.0
52.690182832329846,10.954081654446243,112.36130721806218,0.0
44.82086980445024,10.153643782120511,100.88657590961438,0.0
52.82321827907003,7.434015551622861,101.97315707405596,0.0
31.901274479551276,11.99253363889428,93.8234810456565,0.0
49.10951252187612,9.012486833677375,96.8392714397295,0.0
45.435235341190854,6.886836202680498,106.15771149771142,0.0
43.50496324767066,9.143769678068175,112.03884437168816,0.0
45.458803882677515,13.00151958126862,98.60553724319,0.0
35.06215542699554,11.700443484226986,95.49810735148588,0.0
72.67202022660288,21.518267816347127,100.00527958856597,1.0
68.96065330239836,28.668227046831202,106.01206748929116,1.0
52.38947022370758,9.356729897565234,85.56145183866458,0.0
42.40864890863176,14.153495967121682,77.03819046862762,0.0
40.95753198553406,10.763870904463106,94.49463150508416,0.0
42.491214782077314,10.86008329438214,87.79287574085842,0.0
49.57701058851037,12.060566908063684,94.9185980235269,0.0
46.64375554829842,10.477578318053027,98.52219681182528,0.0
42.351198981164806,9.481915708358594,95.46751590976987,0.0
47.56633716556678,9.607300301830044,114.52467534470745,0.0
70.73440170125437,22.690907499796484,103.2674476460232,1.0
49.84322495266444,9.925555526980316,103.00474359610828,0.0
41.48973453061324,11.45525908727396,106.22207144043402,0.0
43.36168926701116,10.103891771614599,88.61166882219231,0.0
43.03945923433921,11.46528015443116,110.39111787420269,0.0
37.68242525933941,9.838566839782835,99.2423571346454,0.0
46.48060138532288,10.15727038063218,106.70480617241212,0.0
46.30527636089945,6.003598630935785,89.28142766959844,0.0
45.025567283212304,11.832655349404963,84.46241233983936,0.0
73.79671311873253,22.553912331684863,108.17889658025028,1.0
37.923146289747926,11.996020219719304,103.76409526097517,0.0
42.89677338617321,4.207489243612621,90.9794844564249,0.0
43.286427417366156,14.176749409561456,91.30336918725305,0.0
40.9886136538919,9.720820743689652,111.2543478441477,0.0
69.51440706979332,30.18594605523303,88.10588107132672,1.0
47.02025428407269,7.920188145748938,116.42672953255963,0.0
54.43092950605265,11.22554781012514,90.99379265352131,0.0
45.872889064159196,7.893168873652687,106.38391925608383,0.0
46.28775195361382,8.75246207860839,96.71381524251015,0.0
44.62777042116917,13.828062707733572,106.03187431082343,0.0
35.40614392350479,9.618635198473307,94.55885997885807,0.0
44.867430622753915,10.434865746359446,98.37207093927705,0.0
45.30115104970513,11.740135461377509,100.40919175395722,0.0
82.86324855752673,25.30634877004688,89.97812544218527,1.0
44.03819517609439,10.300837810287153,107.40824345420125,0.0
46.50773671166806,10.729922004932451,94.86786433528415,0.0
44.82644115147378,14.80683117047655,97.71400084659982,0.0
39.15660981190234,9.884762405932829,90.05650625391488,0.0
50.7141140725751,10.402198093429934,74.3766634120469,0.0
64.5226232407943,23.698119643895755,98.08972237399831,1.0
48.95515973521523,12.211051865915968,124.12615421612915,0.0
40.4530627260263,12.374060611120761,107.84604287898024,0.0
52.013971554680495,11.27746044405837,99.80739620265605,0.0
37.990744686038596,7.713990174539033,97.37109170791733,0.0
47.93428546900135,13.266863064602191,100.22465892812046,0.0
81.87632964149859,26.160968136319465,105.4711911517521,1.0
40.04731837434656,10.605270930478067,88.19187184691155,0.0
42.16851135198614,8.491448299961284,111.14321694668872,0.0
45.498256825438204,9.871723306814015,107.15381315441245,0.0
42.482621729419,10.65752482060696,107.18185725707934,0.0
37.24668284466934,10.642714430900547,104.38475738809727,0.0
45.34281487403014,10.84384150847057,100.1961665769399,0.0
39.688481431369475,13.227422538117294,106.7286123596682,0.0
47.36796215317591,10.907068603027959,105.91814133741379,0.0
40.402878828830985,9.511686729418702,96.45959289058976,0.0
52.7496720250877,11.928174336576715,94.26398227103098,0.0
41.08373353831882,12.37894097784928,101.01856295261987,0.0
43.38969241897162,7.544784369726015,115.49020151495188,0.0
77.9966461333324,22.434913257789923,87.60892924346099,1.0
38.84567841783022,11.402345484621797,85.3247473424756,0.0
46.13729967302065,9.404872993280016,101.64760841236517,0.0
51.53571377141214,12.75141362662324,100.50887701856018,0.0
62.68430116367733,23.647757492064457,101.73341664370409,1.0
45.92316929266152,10.251152906943085,102.439531979085,0.0
46.29941397124212,9.65385635143226,97.76797745365195,0.0
48.909114358886555,10.031158095162935,114.89863438602082,0.0
38.81524644560959,7.807449826209597,83.99096021523485,0.0
38.39771693457862,7.119898234811411,91.71502975219754,0.0
47.60970782808449,13.189010126449944,98.96745239850952,0.0
46.48492336616593,8.306077303363345,83.56811188845833,0.0
67.65743091332237,24.436368085787024,98.24145595567929,1.0
46.73224104748488,5.69321977279257,116.61470165728018,0.0
57.42583624393477,29.141680518998996,100.20886488295962,1.0
46.16126848580502,7.353820413185003,102.30700905718683,0.0
46.46536236649341,13.284030320272738,87.3983523482742,0.0
41.42824290986816,12.01963417868527,93.83638591960522,0.0
54.328872555723784,8.623699309644552,96.24803619676064,0.0
47.36916460455894,14.504871610688618,96.82284903243766,0.0
39.04348251398676,11.963530973983188,112.81643795003768,0.0
48.28276804316915,9.350337232982755,105.57691060725125,0.0
40.126591648863396,5.001188570252854,88.88542043062968,0.0
48.93542301871226,14.581885145181484,102.46504778432005,0.0
50.79297789503702,7.220855066472808,104.98221748496785,0.0
40.89658840824145,6.709202506086216,111.40149038521267,0.0
49.816880646221605,12.045140864019281,115.80540686568374,0.0
47.063904634682494,14.879504812678546,89.84905808172131,0.0
49.11030079997245,12.768545637021036,91.89142488789662,0.0
54.48396491326974,11.12781824010472,87.42422141085383,0.0
43.77305941998565,11.189508683330573,97.65980140893019,0.0
41.23131917821255,11.706831117560615,104.66358374446335,0.0
40.55242785187238,11.51785717957353,109.87334516589102,0.0
40.92094857517281,10.562382847938752,99.24048976357477,0.0
44.61449145292948,10.208402207903752,96.80152476745155,0.0
74.50426223614033,24.920494806053302,101.5175799224874,1.0
46.3834539966501,8.492070822266648,91.64857098369977,0.0
49.13591624518012,9.438649846266452,120.89538721694774,0.0
45.065009459389536,6.614086371609229,83.92338972881942,0.0
52.26767038578659,9.8033207464105,101.84740578895725,0.0
43.67671583381022,8.022817785698166,120.2360621922964,0.0
58.600845832948096,7.792821365568458,100.06799844559998,0.0
48.128336738825034,10.359788302306956,98.09960964998506,0.0
40.714212217918586,12.784004572689199,96.42554577189573,0.0
67.30102052111747,28.36731614751345,98.19608318237592,1.0
47.41236207621593,6.8589987927536455,113.7284847467653,0.0
43.88268607337075,8.020743726859324,77.88138088670493,0.0
48.57000247046046,11.881542375976432,115.33433701296326,0.0
47.366188122867726,8.035025212923381,85.76042847549854,0.0
44.63585543671564,9.550733700005951,97.33347670765585,0.0
40.76603140965798,11.100104198049104,95.70755579701338,0.0
37.42576387657068,8.06331109027273,105.88553269770719,0.0
42.767425239664895,10.21075101229192,84.01875648116253,0.0
74.66079068760926,24.191376332754494,104.62172666081943,1.0
46.07046872065102,8.797264712097572,120.24309623286852,0.0
38.77130610644006,10.639563868285073,86.3682599540719,0.0
45.86590462925591,6.814012532936662,101.89706167610396,0.0
46.92658689864418,10.880949475920797,93.3801782220339,0.0
40.580712818994336,9.960724402146637,104.25887206193036,0.0
45.768625529727636,11.104979908834295,100.19147777415752,0.0
45.29104359223,10.447828268129323,93.58513090955691,0.0
39.28514851084688,12.728280859947688,104.87872284871074,0.0
46.788936801741414,10.250449005295815,118.04348109786743,0.0
47.803922631841175,9.141188917749494,98.09096208272702,0.0
50.41525621587638,10.244595006064568,107.19757942148182,0.0
50.26901026017451,11.086596058072775,87.06727042128836,0.0
58.94517836900209,25.089469417548862,90.43563623181991,1.0
40.310874800424386,10.081183382407765,104.72406277880377,0.0
47.5751763360433,8.59601662438649,114.84116028535965,0.0
47.56892975456105,8.674198164898105,103.5561334878566,0.0
47.57523843153024,7.194789456400613,96.86941969476845,0.0
64.26365745327361,13.499153486373878,99.99291405423354,0.0
47.85445255346583,7.512273529217429,87.49592266030282,0.0
50.677828200902994,8.614189604408185,106.04515326355367,0.0
71.33387616289596,18.5970788246442,108.82333062323409,1.0
48.25695625652899,11.789848753888883,95.4790966716692,0.0
43.423653776798275,9.410100643415944,95.29957852240499,0.0
48.79484610246634,12.495484145347469,102.65878229652049,0.0
41.13587392731214,8.653018751512263,95.63280263959405,0.0
43.815906966299956,10.557988324447605,99.33867385374178,0.0
42.57318226085448,8.329305893480486,120.99721789166516,0.0
45.40937069693161,14.290298255546777,97.52974299254004,0.0
56.573292833367546,7.624803161940974,96.41659847978778,0.0
35.66367403704126,10.619641420454055,93.52458194364841,0.0
48.431300951872565,11.267553761864196,107.44191971499937,0.0
36.93642064405174,10.827598194902997,98.18775826781896,0.0
42.64034067105283,9.629424682244583,93.50626961678574,0.0
50.44475298483683,9.740358600533147,113.21304032273012,0.0
45.321400095477316,10.08762294395822,114.19603004513637,0.0
39.61127611035347,9.705995996743022,93.99576434261294,0.0
41.42348145370016,11.92775823358982,81.33460048639384,0.0
48.39798874467338,14.421046003182703,110.07513689836922,0.0
41.34816684141432,8.885016429984333,93.15370174239996,0.0
46.08229294790988,7.260394040841844,107.90625599162769,0.0
45.22785919951907,9.82343590329749,80.29896182288164,0.0
41.74199826197091,15.159418675308636,108.92597338299309,0.0
55.719720446626624,8.392650864060538,87.8882807071922,0.0
48.169595111590056,13.278233610888135,107.30764119066525,0.0
34.874287066711965,13.355401628152881,100.14273067836434,0.0
45.93227157384714,8.892823516584011,90.46060580603356,0.0
41.69106767615806,11.137966158370551,95.9296368707322,0.0
49.26216667398112,13.256793246257075,106.86318456956701,0.0
41.037396307836495,9.241744518025026,101.05894453115235,0.0
44.42631779266551,9.592839279795276,105.84412980472484,0.0
47.524936394902284,8.836638172102713,119.76440584515485,0.0
49.32877597085061,7.970486538614266,84.35758388288949,0.0
38.99851796472112,8.701444909867986,116.17212574968624,0.0
43.327493820795254,7.552119466475487,101.04355937523214,0.0
42.625273444195216,10.068166936518452,91.01215951676872,0.0
41.73335383713144,8.460053537882716,86.6968637426101,0.0
53.82727120140548,10.467571823581496,98.10879609222967,0.0
47.024908554804774,6.888208707592746,109.2165011192446,0.0
38.69558022832477,10.661760464428914,98.72450879622465,0.0
70.94591940054492,25.80188132231695,115.11154930247348,1.0
55.610780985063165,6.012528714857089,85.48824309948441,0.0
50.16232630275574,10.748113139695144,99.87911052153946,0.0
37.403150170229935,12.455337984946585,87.47606555586881,0.0
42.57882963566874,7.580717962617589,103.63631882624968,0.0
51.334555745933116,13.345144773675408,108.868873900973,0.0
41.461652671906094,10.83803801873209,95.79238206318946,0.0
47.219097140731144,8.589976288483182,73.95786143372865,0.0
48.87317026714668,9.888461844684588,101.98948146796495,0.0
61.25799999696133,24.970857009867352,104.3673855173351,1.0
44.702373219691,10.152010782824822,104.04294754961698,0.0
28.793663299654636,11.077511984892737,112.35782191822155,0.0
39.87806179332855,8.158652813841268,89.28946320350951,0.0
43.7371592430342,10.338721648072156,106.8021610545045,0.0
68.7581792535653,23.997257692111976,111.92507512477975,1.0
53.16205651965818,9.777547877302599,82.21412415993484,0.0
37.84929311019684,8.19218471707042,103.19651825918977,0.0
42.79977756651508,8.528940114820466,94.95820168992329,0.0
45.65370288643046,12.472186350420875,99.18477326898355,0.0
70.1160668354859,22.165870917486583,103.47676483538336,1.0
68.57372699706815,25.425763212068354,95.12771435886448,1.0
50.815818760774796,7.815374470654842,93.24291920838388,0.0
70.16218497781111,21.380972291536153,100.34152417488025,1.0
40.09245674476024,12.426195399958367,89.12754061137197,0.0
47.31051737131635,10.28343382727981,89.14174871114815,0.0
45.99529847786735,14.63865907996339,106.79373282956503,0.0
41.99891561420603,10.786635678788743,88.51205964841344,0.0
45.349010424950094,10.384098232980064,106.66312500909211,0.0
43.073432015691196,9.381767071594997,104.6259129285395,0.0
45.56758672625624,10.267081809564564,82.74193271209404,0.0
48.31065337260523,9.695060327238913,93.22435347664344,0.0
52.93008408072676,11.416217353377181,111.94109403047372,0.0
38.810922505865754,11.913404633589169,90.18834468860318,0.0
55.665166873281336,8.4280210789841,95.35595737690612,0.0
35.23956100238749,7.337534092884444,104.62060893251896,0.0
44.24107452482208,6.327589253793407,107.83390509282596,0.0
47.94158603242288,11.015982653825088,97.48461113955504,0.0
46.40495933867516,7.793266787652253,94.02489805308359,0.0
41.88650240089703,5.694218814095034,114.22369861698508,0.0
43.95938874821363,10.777157209061928,117.3889966379758,0.0
42.53499532670584,14.985999034865582,109.78858050781795,0.0
42.053176215278945,9.987858176920213,100.85318142565023,0.0
49.24801048510513,11.676981548903283,91.91734278359074,0.0
71.77639481344676,31.825710106844475,91.69555593443435,1.0
41.53545202369673,9.802220693617715,105.22514105265758,0.0
71.56317094170464,23.71261032965395,104.18398220888683,1.0
46.536497604383044,9.419450911622697,114.01598592946429,0.0
49.0643105941948,10.534784628143806,106.50450092536138,0.0
48.14814420961806,10.643395612392027,84.96919698240183,0.0
72.5396271332132,20.728852469938076,110.51947617722918,1.0
42.19909479901515,11.984084699073046,90.01939372685587,0.0
48.73646802561631,9.650080486609182,96.16028728047648,0.0
48.05185132716733,8.48850968101431,102.50200206251695,0.0
44.89549203017926,11.073019687140807,119.95667489783965,0.0
45.58663691654391,8.203064036417926,131.0991855600536,0.0
51.388324478942124,10.056362314738257,106.06723059136183,0.0
42.04214305582085,9.981762006711593,98.16803381279612,0.0
47.73548690585019,12.171791131663156,105.3450564848055,0.0
43.98903673783053,10.949396465759905,108.87655425873837,0.0
43.911593983863895,9.949946082509712,96.79332374442808,0.0
82.20104413680447,22.408211815132645,117.95211355912322,1.0
49.12708174494015,12.780415098034627,102.30070759191402,0.0
49.06754818000319,11.115620612703724,104.97743089091394,0.0
51.52739403577164,10.02070523968676,106.65924252054461,0.0
45.105019208163796,7.376327535299681,104.21586610614456,0.0
48.40976485647482,7.869772673849255,108.38940500469613,0.0
55.89449121002546,23.11074492126139,93.82746813453076,1.0
46.62083176244221,8.780975595681433,94.4169824605397,0.0
44.34928472816158,9.626057394029107,88.99845767028305,0.0
45.48497982496359,10.113299849794215,104.39501230620226,0.0
47.975785127184565,11.059385508713461,107.78936503512114,0.0
40.908896583832636,9.859002443881817,104.57772866151886,0.0
55.4619363784273,10.973003287652404,116.74492433347538,0.0
39.96991309250149,10.12894882962024,99.94403981170953,0.0
38.92905693606134,6.049066867292257,106.68741655592513,0.0
50.79055436750034,8.121329212362491,89.08299123860685,0.0
48.95831346981468,9.71182488855677,96.12900297525599,0.0
48.12059908526078,7.580610514317785,106.95537757565778,0.0
69.19166353591602,25.197448114612882,108.49102110743144,1.0
44.93876613576543,13.061501664687395,97.06033052335818,0.0
40.51372814257084,12.437523703394634,99.28400748141934,0.0
45.379022790968634,9.573114258139585,84.82126253319191,0.0
41.61419144243944,12.981452273699905,96.42970799193391,0.0
49.87559866708875,10.297334914404223,108.90383163519786,0.0
44.26471309248931,9.325828057763921,105.75205016106567,0.0
40.87251401603744,8.77319467291812,105.00665721381209,0.0
43.393070791735035,9.395060627023744,100.49773687180961,0.0
47.064657271378124,9.223646362917542,100.07063158628176,0.0
42.18137723598013,10.340832444750976,93.39678860526553,0.0
40.888898022167844,10.32114796209973,106.98828420202534,0.0
46.21843605745956,10.006092040306829,104.20972944389389,0.0
46.22483285554361,10.8738763394927,104.92018847992799,0.0
42.46528412314435,12.381292549572683,94.7396515733242,0.0
42.644808471908384,11.899108270882648,78.46657080128756,0.0
46.160249686788184,7.030204063100193,110.97152711753695,0.0
63.3573629155058,23.5814804037619,95.21162543991596,1.0
37.962681128117225,11.868639822478547,91.37224235956879,0.0
71.35897116226374,22.36794495554554,106.93478911913994,1.0
43.932764241440765,9.550469196214634,96.07987360080871,0.0
46.554537827990025,7.6597739478812805,110.59936384046622,0.0
79.28661337236824,25.593889148650113,106.17005949576698,1.0
49.2882981160101,11.082925456409576,106.83569323200477,0.0
65.69762321013518,26.59153233920478,86.34044288799466,1.0
44.904918960486555,8.846979198546562,112.11943985386401,0.0
39.987353176810956,4.81791541571018,102.61250531233856,0.0
44.90743432003805,8.907511103495034,96.30722860753797,0.0
43.55670680539931,10.783608010805093,101.43388467342251,0.0
46.613592801690444,7.0421768624517425,82.2376476710168,0.0
40.86384528223839,10.36671983955831,104.08652811480671,0.0
47.59673257120586,9.96938030165401,89.70628491817928,0.0
78.6013884870827,29.302136393597642,86.47329714156466,1.0
44.45619925771571,10.239160736828307,84.7764081378211,0.0
47.00855861049471,8.05386211823689,111.12688374989925,0.0
48.45071995855556,12.393143003328984,93.70736606307212,0.0
42.99389764057082,9.68294085394606,115.337277099165,0.0
46.12046240905208,9.945390920980136,94.64198536947703,0.0
45.06296200390897,8.133464081853608,82.92642042407053,0.0
45.488380492744156,9.11343549761698,88.8347556005134,0.0
41.134951080722665,8.230394571946198,112.35811620006939,0.0
45.12255087129471,9.654107880153154,98.44101822063332,0.0
47.48999145622725,13.423416960284687,94.51712703509399,0.0
52.25571803897521,7.256197714137287,101.60018225852788,0.0
49.79635413042603,6.772877204246518,105.01782736167544,0.0
55.76591228755778,12.942340654987216,111.1739881590246,0.0
41.16326218555975,9.581352645696267,114.48499229892926,0.0
49.36160318360339,8.661854522680168,96.40231354210914,0.0
45.91671002869176,12.079809374792152,86.73952313917962,0.0
73.64438997283007,29.27055343539731,95.86534838876725,1.0
40.95850857322424,13.652019427093872,102.60280506582886,0.0
40.80139078909612,11.355851742678539,90.3624107378939,0.0
42.003036772779886,9.024177183708595,90.42849085104957,0.0
34.380521378450965,14.314616426531007,103.43787881549885,0.0
42.37122489159619,8.788570153993323,99.5134764842955,0.0
41.20433669223151,11.484190744018614,100.32796995411587,0.0
45.75196893238104,10.598585160812984,92.41504665299931,0.0
46.7087798788858,12.603482578797596,97.69599285794233,0.0
54.38085419607943,13.123022393453706,90.75766855731696,0.0
49.75211919093025,10.064008298131533,108.90198411124787,0.0
42.115481721687985,8.493164259307633,110.35249334723753,0.0
62.044152354767995,24.694036548268222,81.53812137761906,1.0
73.45967011339127,24.778056924162257,90.7048913980759,1.0
38.39883396489679,14.026774495053246,85.03470744909922,0.0
54.157293829271765,10.273070662165475,93.49976065593101,0.0
75.42065199835969,19.609073501975402,99.16562030209639,1.0
42.65412173947647,10.369360611729817,85.5035478030147,0.0
36.434327354545616,7.305747420940607,90.78140186874687,0.0
51.76936187082706,8.056771922978697,89.96042627918501,0.0
44.42730077373691,12.400827815888851,102.07267329398944,0.0
51.18908155986731,8.686211442057209,100.6934433703625,0.0
37.02786170602816,7.90617803463612,92.78262446662747,0.0
42.00312488523114,11.073305505054572,101.76820872139398,0.0
72.28067537465348,25.18241443786261,94.53319915412735,1.0
45.23490296882371,11.437906621330134,97.28344889673947,0.0
42.749672642603784,11.992095371611633,116.73452090298537,0.0
48.114249661737496,8.486409822861079,113.40461051790348,0.0
39.66189785308703,7.1563786665163125,87.00418763072402,0.0
44.288102574893536,13.002667303910973,108.29732417879174,0.0
45.601478158559495,9.354640322315728,108.11396554491591,0.0
47.57219417029374,9.498333967089906,88.51736711247382,0.0
48.558074390444446,12.656388283698115,108.1877764375486,0.0
39.376789540810655,11.11246001880132,115.37931918412554,0.0
37.329429146321885,10.911775544163214,88.77455193755586,0.0
51.38838410949255,14.330004689802168,90.82497178985736,0.0
46.66157005989796,8.712963539239714,110.17661466843502,0.0
41.25756731721723,11.855680256162474,102.71495310825648,0.0
79.8718217498977,27.5364117566315,105.51476275239523,1.0
45.57837317146429,10.537184557726514,103.40589216400497,0.0
50.89648592031913,13.056936852825064,103.90695920928144,0.0
45.33759240705054,11.015671512579248,86.73527871688917,0.0
55.303739624409936,11.076592158099267,110.47317706621448,0.0
77.6372643044627,27.171499089421786,111.69589992427774,1.0
43.75517925760463,9.27009454091423,97.70609255931973,0.0
49.85785475477178,8.321580665321987,99.56523050186138,0.0
48.226879747925736,7.910381611957932,84.68892497444278,0.0
51.843157787661745,6.067286821247997,105.14254756017834,0.0
40.17538269709948,14.112414259880644,105.72057441714144,0.0
48.4302572999922,7.793583268556634,99.37808983000689,0.0
50.292122434247936,9.557492752828455,111.24353359870503,0.0
36.20630256788443,9.446373400222159,96.6592276902006,0.0
39.083707436671126,10.614813395618201,105.646059258936,0.0
34.803839111199494,11.631474425078594,89.80335661307885,0.0
43.65296582777721,11.72094697671949,99.76447849125762,0.0
48.58771127897981,8.833845122862122,98.25645742097164,0.0
52.51178526048014,9.665756572427178,102.25307922040942,0.0
45.37047390209887,10.5651599009766,96.30473071166641,0.0
53.14307772785646,9.502617747632906,98.68527404328333,0.0
38.099492708925546,13.214691152039986,108.26047171441506,0.0
36.48308780322422,10.981949903276503,95.63235762761782,0.0
44.722261505516904,11.469755572099634,83.93422899261321,0.0
46.92032724469654,11.325762537334825,117.4958390420542,0.0
44.836526259529535,12.34694771497065,113.81454078690487,0.0
34.66278949980062,10.362043117407413,87.07737304894381,0.0
44.55439980243606,7.406336104088307,106.89707805245195,0.0
38.47765249747573,10.799375903505283,94.97025229448657,0.0
77.48157042109968,26.84726871476805,102.6348721533106,1.0
46.83299123048424,8.942766636500487,102.94224129013493,0.0
40.30060106836322,11.172728037510186,97.65592199683678,0.0
42.43066541331653,12.476566142867272,92.16234334413603,0.0
39.703932390555245,10.042543153472124,93.0945894768374,0.0
44.686604513634144,10.617666025197927,90.83808084518758,0.0
49.77571160250619,13.404429889270476,91.68177791769556,0.0
40.071369768322285,10.481506358977137,99.32821709950645,0.0
47.52023257758922,15.203366228360789,92.84240010889248,0.0
42.348711908137794,11.131019291263089,106.8205206571262,0.0
41.03563583868828,6.478474481688364,114.87246155335927,0.0
44.46484820022721,11.506683242209064,94.19946758629958,0.0
39.82378838790313,10.762316769765555,102.39404500535377,0.0
42.23175347326409,12.579505508165491,104.99685110302934,0.0
39.010610537055754,11.346362702539917,104.72002270919275,0.0
54.82362566458195,9.723088032032452,100.75955267916088,0.0
45.17631775985864,7.551403527421268,107.42682418359722,0.0
41.501372460037075,9.581953485427949,104.82248952680658,0.0
46.06989955367111,8.2989590915814,87.62337577672702,0.0
44.43835975154585,8.838953100390555,108.69156064389273,0.0
43.89515200233389,11.17715680884122,108.87290837266742,0.0
48.07083350021713,13.339809008702812,92.36713895821418,0.0
48.787538550236526,10.789343059645962,100.37937835447602,0.0
70.59498108624356,18.45194907158616,106.83328992811069,1.0
42.1209087967766,10.88920533644028,97.90686180420639,0.0
43.62474151424178,12.393262973291302,110.72978047766011,0.0
33.49039417632208,8.780434191361236,123.6387249461936,0.0
37.42404468900724,9.731965666654165,92.14013967365018,0.0
51.83437133722262,10.029376389458394,86.18955396846225,0.0
81.81125647330029,18.961291109527192,103.03818595604876,1.0
43.75481980221811,11.296560867687718,107.21562505126144,0.0
47.88278481527883,9.758103702784437,97.69133626155231,0.0
46.55625077271768,10.839064887814056,114.53260663321035,0.0
60.39440404227619,8.2250156443958,86.61394200276752,0.0
50.59787455717289,9.12508339935318,106.9291862303161,0.0
44.36041204259617,11.444762715655543,93.94139179241107,0.0
40.22229779699787,9.254333695816467,117.19377906207296,0.0
36.96776839871214,13.45392770246681,119.92515353168119,0.0
46.017318179336115,9.200727628770796,92.33343412216652,0.0
41.21824627357849,10.449369451503772,94.5044286409142,0.0
37.888731452011626,11.86518166374618,108.59587886979801,0.0
41.76713557878737,7.163268534133937,96.12869350210485,0.0
39.592259981928024,6.478382376038448,99.54588782067762,0.0
53.43570817536282,6.94868737085981,100.2538842054241,0.0
49.408198784747256,12.525168206854364,80.80326843802344,0.0
44.960136793416915,8.896283708215107,99.86162253905762,0.0
52.39972069445013,15.116398571336504,93.10272225935826,0.0
45.386841538238095,8.871504802685223,95.06877177600228,0.0
40.693578993358685,10.369102606394074,114.43632003468814,0.0
52.61562038634828,13.08421990513575,87.43493105720744,0.0
47.694550218423295,14.012185776318246,108.13205186747977,0.0
39.81376922836772,14.123007153272795,97.21037069668192,0.0
44.04830660958196,12.416732461186285,97.20239831504166,0.0
40.62190873307621,12.048125051622925,107.90371896051711,0.0
38.08600134517832,11.185053898402366,103.4005129456889,0.0
72.74417735291915,22.856229400498563,105.70612997219531,1.0
77.74655343915971,22.05206554019611,109.68184660532862,1.0
38.00716213090429,8.363602233155385,96.68691616816677,0.0
47.81484618345286,9.993251085178096,93.8776326549225,0.0
41.746787154390866,9.659630754950143,89.14849473442202,0.0
42.56437308117652,9.09354390134545,91.74589470021044,0.0
42.03803037880566,11.39277489491343,129.49094425308726,0.0
63.860449184152735,29.2904666326364,112.44679580736786,1.0
45.24260813972413,10.176813772583694,86.48925633791978,0.0
68.45805902232145,28.228362761928892,86.7754204325643,1.0
46.35228412889919,7.71662177173299,104.81866061718492,0.0
44.748809452754315,9.612681081440563,105.47264797377967,0.0
43.80525976566795,8.56635535879439,105.48883835317365,0.0
40.46218168979201,6.26692676585388,97.45044206446302,0.0
42.116143347158335,9.834638628314602,98.745457399971,0.0
48.77695612912878,9.756504983233432,103.27879524159357,0.0
47.504585938121906,13.026899486484261,100.85893006293331,0.0
40.11222377600724,11.261623369109556,77.80699627252466,0.0
45.49666152714613,7.95162635134159,97.70200369424806,0.0
48.75693561685895,13.708185132668376,91.48593565739687,0.0
36.652973594393146,12.442067391050706,101.75211418908512,0.0
47.71680096189967,11.164195406937232,129.8525900260341,0.0
41.686881205270765,9.547031802300337,103.67481665474304,0.0
47.852993342965796,8.08112152655304,96.86470313827603,0.0
58.64276494551777,25.692042692497118,109.21801501977252,1.0
35.9755894966774,12.177497239408371,104.82687887209212,0.0
36.862287810584185,13.769172611869218,104.20094490451841,0.0
45.24042473330691,13.086487056544378,106.06850593215671,0.0
46.29861250860741,9.022301156427451,120.56543564829542,0.0
40.47841687447796,7.760765133421978,88.69111564674084,0.0
48.19296229388687,10.281772493822407,104.73632076811454,0.0
36.6923996886552,6.463121268874296,90.73618870018461,0.0
44.669601006763415,10.646335428369563,105.55512646342248,0.0
38.94491900118771,9.704794827402663,90.81313488513905,0.0
41.7408194609892,9.067926996263516,95.82633186394915,0.0
74.03288587010837,22.475026958494155,97.04910085762094,1.0
40.69793317358024,11.027200213139434,109.7581671934471,0.0
43.077222278850876,8.934598320676177,109.18454443942414,0.0
80.94429268137657,26.880508895943535,87.54282623553615,1.0
42.115540652384254,4.255475573436701,100.5493411099985,0.0
49.17846056032571,9.944970189898727,92.90420145250827,0.0
39.35146572671191,13.544503193339487,87.41495089324665,0.0
47.64902088957641,13.32251842909574,97.8298294957563,0.0
52.207843103289505,9.085807486827456,96.9151721154418,0.0
32.641777499363556,8.79557587927644,124.26716486345522,0.0
41.015523722647615,10.937548512150048,104.32959825360696,0.0
65.51417424142565,23.428526698506655,86.22382499245762,1.0
43.984773069785035,10.603583799638931,94.35225995829057,0.0
46.85572936685654,11.53216055676938,110.21383295429399,0.0
41.9800740664209,12.453866447768615,120.88442772869925,0.0
45.4329489373645,9.799691847040094,84.14016687762042,0.0
44.221613823039604,9.592652499646068,81.20075614860954,0.0
50.838910308299035,8.244034826486878,118.70965175371782,0.0
46.272104216506065,8.34623929192028,103.89614177370903,0.0
46.68801331037601,9.547042216196946,91.31707268123634,0.0
42.94061516938766,10.734731013632356,105.34629086122435,0.0
42.56196887963753,11.827169252466499,73.64252260983122,0.0
42.8372090609019,8.39364209863931,100.0337550659716,0.0
46.97226071189149,12.985377137919043,103.27821172843085,0.0
42.895077595898684,9.457752797914862,109.2427013953783,0.0
46.448874284482066,9.957265411303128,89.86104047707462,0.0
55.37700399322719,8.505576641704353,100.8568716140336,0.0
49.35562351715846,5.151519479454117,90.74575373940412,0.0
43.369882339160796,11.768090792722099,102.55383755674318,0.0
51.00606961081972,11.473687794184867,91.04653677636976,0.0
42.95962313489224,9.437344885763574,95.91899160839779,0.0
34.80937732411073,10.133981434449744,90.04184605209771,0.0
39.95956844541298,11.0318784354082,106.51136241823657,0.0
35.646040394870724,6.874908286226915,108.58451116656666,0.0
43.24243257979346,8.94189464530741,97.65379430042586,0.0
45.09209189594776,11.588529359243655,100.38237994960028,0.0
53.382186561376415,7.491421153661501,85.51408585366455,0.0
46.63463686882081,10.587115864333258,97.00323351993212,0.0
43.90449735595568,7.28683639075319,99.49795382958256,0.0
49.14702790591745,10.932859964867053,126.20793091029975,0.0
33.944323454960575,9.928717035405032,88.88032974225837,0.0
46.17807279054283,6.7697363681889815,114.64177238752437,0.0
68.1910072016366,27.146725210601993,109.96858773465809,1.0
37.60706877110079,8.530816846403901,102.80636404490136,0.0
50.71877021603464,8.379495125971237,117.58620484195134,0.0
46.69248203747207,10.401138394461885,103.72105472606863,0.0
42.923560430495996,12.29727469885743,103.89159195667929,0.0
48.163909330531425,7.968356362043206,99.46879346982455,0.0
56.35346428902198,10.123359699695943,112.23568882418627,0.0
45.90933127529247,10.857633000661146,110.96469233810883,0.0
46.24110293150168,11.386211214526288,93.74322712503788,0.0
42.70319550229878,10.352883110554451,86.80752805401232,0.0
40.75077815267604,9.265944321833356,97.97019362604343,0.0
49.15167908272123,8.34481955870256,91.99961435602353,0.0
40.719580870455665,10.172287766092749,99.36475425384644,0.0
45.35783118609696,7.855721976028786,112.37438134684139,0.0
42.61171276617441,4.157299033010785,95.4269834491321,0.0
47.39489912873196,10.873119608315335,99.57176618688425,0.0
46.668310526434745,11.80786968217239,100.58022734808395,0.0
50.1876997212895,5.274135128916323,108.48430882205284,0.0
42.44991800572627,7.9805385905801245,77.53110666015395,0.0
43.65062532353314,11.238308522010396,93.93299705234703,0.0
40.106181421088465,14.114990939423397,102.11283692279473,0.0
42.778533699619445,10.041587415350817,112.00078956426862,0.0
46.88650246522426,8.54399411754173,95.08097552493795,0.0
48.78494308322676,9.63420711779032,81.23447293958125,0.0
40.389173379111874,12.74975283829637,106.19711445966136,0.0
49.3480296005283,8.70807164175093,93.6463761117437,0.0
51.778189294024756,8.401615986699493,88.1033334090964,0.0
47.067174516118506,9.034512955635936,93.75654610286776,0.0
54.38397906279033,8.093342783482575,98.15474642344151,0.0
41.13105400448214,10.245340631989592,93.95255335461788,0.0
38.776726483442914,13.24935691693912,77.9443394290093,0.0
36.10639875547861,10.646158546232058,108.97066196887133,0.0
52.480221557445915,9.495292995747425,112.74875041278722,0.0
48.27182828177029,9.416377462168912,106.51521991339506,0.0
44.72207664544772,6.873618382606686,88.62314329575183,0.0
46.3998431315991,11.766219554294318,97.98508466052482,0.0
39.37255476350812,9.844325605974396,99.93478684770542,0.0
57.228759898084135,9.63904017281875,105.9879438956191,0.0
45.64610590987614,16.38621513568972,106.68340488718081,0.0
45.546973973024464,10.597505816731372,92.65826201221505,0.0
48.62883311949346,8.496417899809632,100.8199555641356,0.0
47.40504615868357,9.147284807588914,104.57280404615241,0.0
46.119420121395656,12.29689141839351,114.55822322146767,0.0
41.04762772277344,10.22654082107553,107.04506539824723,0.0
47.35734178567998,7.123444043365266,107.89056687375519,0.0
54.41012248237517,11.838457869150407,100.8382662792936,0.0
51.72710023077489,8.663711828922011,114.10459145203504,0.0
52.965933133196984,13.74659555243509,104.09762795959497,0.0
42.443921617844076,12.160096131429297,91.3891208982643,0.0
40.0519758987071,9.105356208682498,114.0336997012519,0.0
44.37106539950176,12.562032723470226,106.97903272539028,0.0
45.27862456144347,10.135711021054806,95.56955978871518,0.0
50.47095759235474,11.705547350244439,95.20507032600757,0.0
36.5376768514259,10.96946563458895,102.96575545140762,0.0
76.18770886973795,22.947462869138835,104.63184795267584,1.0
44.20996050710505,8.712900335365076,101.97292265631206,0.0
42.8655946502629,12.059921635162322,103.11308673442885,0.0
39.93947812369916,9.330449335786918,116.9995737457638,0.0
36.72571664067115,9.192703073516007,110.71543152234887,0.0
49.11585291980957,8.089754841301295,101.90635591265024,0.0
45.36658983594202,10.847198131186921,109.41310580767484,0.0
38.55019550129473,14.12504983848629,89.67476096472461,0.0
38.52460613968192,7.864934171491454,103.97927049946809,0.0
43.32107650354936,10.048438913345516,118.0930634973311,0.0
53.34510762644696,12.824441110830858,97.81954104607627,0.0
43.702043243181976,9.840717217508569,91.52366071380915,0.0
37.48428523440947,10.904743592499468,93.4791111140694,0.0
43.77128467957028,7.875212943706241,89.10366962657612,0.0
43.63638215126165,10.856614194415297,92.15238091872297,0.0
31.515566785292144,9.625711469990902,96.2949190140997,0.0
44.72852566741094,11.971459991359726,85.94432980821358,0.0
43.84532734895661,12.374772103129501,100.15618333949602,0.0
48.48103182406709,15.179127284037229,109.02277173786648,0.0
54.244780474726724,11.15926634642715,90.9224381985308,0.0
50.632825147738785,10.651592633164332,115.19283923641768,0.0
43.65555654722585,10.388768603154672,105.10792088527595,0.0
39.46737045629165,9.293667414378623,110.30580585624057,0.0
57.8667990162493,10.676967686923382,93.42165446147862,0.0
45.29609217007244,9.409197179721941,108.54525227066615,0.0
45.06964645956473,10.336921952539228,89.08066099604687,0.0
44.87937456444998,12.63519507121592,108.90247500836509,0.0
45.99042380383928,7.986914869440717,101.71839339793532,0.0
44.27819794038029,12.27975712225809,105.53251219984784,0.0
42.13168996559882,12.634230134679731,88.24405394375148,0.0
42.26570529379804,9.763862946017843,91.04930157723395,0.0
44.83623364892001,5.756290201982811,105.97228218253385,0.0
42.282876144331176,8.784356025811135,90.51651995775799,0.0
41.43577108661418,12.593989093122218,104.63206292099123,0.0
68.16282678766184,21.886507824585962,86.32862193539754,1.0
43.72511391289572,8.001395535410179,108.48174212666669,0.0
79.60461245923753,29.228064165949036,87.67476685231492,1.0
31.74515095803494,11.681240053009105,105.52299937679523,0.0
50.45753425961231,11.093467136402758,106.25630933646,0.0
51.23042596248815,9.522135801660612,93.03228181570425,0.0
34.63304883795925,9.266351176370625,105.82026567084726,0.0
66.01639412800104,26.437705069044068,102.60442263333556,1.0
43.142795670021044,8.155179631002994,94.61158143807262,0.0
37.96244152641089,13.230751378938884,89.91445315923792,0.0
41.110916562045624,9.355359061577321,80.3737430832742,0.0
39.44712077267086,12.434317041650992,103.49650047299694,0.0
53.761352217118116,13.042632103844902,84.35197228637945,0.0
49.678391965737305,11.996621796295921,100.95344199441308,0.0
51.35777547497079,9.136759374563903,97.36551783917751,0.0
48.60836032021618,10.80746018067322,106.79142775438196,0.0
39.354741143913856,9.951608787218168,96.97954500510136,0.0
65.54840030463362,22.28371214791684,96.70552213652908,1.0
47.44687280613959,10.648718563443206,107.31870704288295,0.0
38.88936095554027,7.641920417680395,103.35058029084118,0.0
48.56499215086194,12.375358776923127,103.16155957182778,0.0
43.79837300920933,9.070765405403215,104.69267589808527,0.0
43.12589596225201,10.402319311745678,84.64427876792894,0.0
74.54954832343401,26.12846239256194,107.56788679986983,1.0
47.2213165574302,9.482190052591845,106.12468794013603,0.0
59.29802192664646,25.316876512037204,89.83316871423503,1.0
50.79664901682124,9.05019268675495,97.55919526325799,0.0
75.19752396415302,29.068865794182614,99.6069271237237,1.0
48.07967803472132,7.308040639506503,98.65503215598267,0.0
47.96550628984192,10.252759159092824,103.33859966568535,0.0
43.45226780343005,13.87785799811657,114.31366781831184,0.0
46.63066511121059,7.999337350788851,110.81766727672829,0.0
38.74443211807348,8.644510058950297,86.87780806568594,0.0
49.6201350960345,11.02781569931783,106.22069990306049,0.0
44.075489317785056,10.359163563879196,113.28933319535409,0.0
42.3863848974048,10.701260198547118,103.86808520689203,0.0
50.245046129184445,10.978374260295327,110.90980425185967,0.0
41.4782815472862,11.26944293712354,120.12270445700764,0.0
37.957693518182204,12.219399683912446,110.23709546106981,0.0
37.21685413238048,10.819637313857026,102.49308595641729,0.0
48.0300497567282,9.517484690762915,110.45088474084753,0.0
38.597853237518585,11.345147402405463,101.44887833096891,0.0
75.62721041148839,24.765816787382157,100.23903043284956,1.0
34.59035296058139,9.734732507234853,96.48585764286267,0.0
53.48228184145019,8.050941390658718,115.63413358832108,0.0
46.055087336013095,12.214161338573945,91.81571334057999,0.0
44.51643444064804,9.759237672092803,115.32367724678116,0.0
42.27540456595525,5.654660907971928,104.99864123740372,0.0
46.99568057176035,11.694843354300843,86.00693825198059,0.0
44.811826487875756,8.929343628092155,103.67649292991422,0.0
50.516509410082605,9.818933435391678,78.99973492348376,0.0
45.5711382433102,10.663960661138029,106.25508016831036,0.0
45.751508807309385,10.380999359558134,108.8523148298899,0.0
43.18193893893072,11.41890363427808,94.07644044347947,0.0
44.71527188139466,9.129027258860313,101.23547695955583,0.0
46.5390088444603,11.026211596352166,119.54157433750287,0.0
36.449158036716874,9.480906644832165,94.94253295738064,0.0
38.25907288947143,11.477620961775006,89.410924129434,0.0
48.71632047011357,11.230734968026107,114.81663402462598,0.0
80.16805965242602,30.01342837055416,119.62587190530795,1.0
44.0800833182366,12.171964232350064,100.03695671847848,0.0
45.09216966532696,8.928073109771905,110.11463035408356,0.0
46.737908526808354,11.61611559656229,113.41475915530881,0.0
42.30120159845319,10.734574626802681,92.57515767461616,0.0
41.108476372988434,13.676367353590244,95.14694164632132,0.0
45.97922627548841,9.553068035256295,112.30874513154735,0.0
40.10813611192484,9.301366407763606,116.85014278708509,0.0
47.04126377857236,9.961160788224534,105.62880860174354,0.0
36.4870819788108,9.393640434331449,91.20185646497946,0.0
50.14577818662822,11.5998838038841,119.87061111699441,0.0
47.362987412065216,6.767378783126825,94.69029102188036,0.0
46.28014867156938,7.892635161707291,96.64862218828549,0.0
49.91345491972757,7.864394156841614,103.42337834489622,0.0
82.5903512387884,30.509758740564926,115.54160420714774,1.0
50.07185032509065,13.42122674516385,108.53975976552223,0.0
35.795628843341774,9.791101562925057,104.1486550036191,0.0
38.60211516632149,9.66235655361998,104.63288530118106,0.0
69.27430580907142,25.358278208436225,100.43514668643466,1.0
45.130455251054165,12.323756605216381,105.58139514518507,0.0
78.853739688856,24.805384437936716,74.70439922305697,1.0
41.37128093423267,10.476737965469571,97.03392540930201,0.0
66.90010192133795,18.783562036795423,102.4132193491678,1.0
66.69370667717976,26.946307262543097,88.48985916380494,1.0
59.16256085345073,22.79858514692999,103.86323317811559,1.0
37.96669451575889,12.002092185134282,97.95528779013878,0.0
40.38383376944548,4.593535414001526,117.5547569831549,0.0
38.241576971918334,11.355750639061815,115.73019725214857,0.0
40.12063373511334,8.691848633745153,95.34194430881837,0.0
50.2682089830392,6.338734206287086,98.49162288433304,0.0
40.25300555584028,11.022405199049961,99.26052434391607,0.0
58.161910324186955,12.747317090325915,95.48340523840378,0.0
47.466589504404446,9.725102970744617,101.95024984028127,0.0
45.92418061847437,11.905749094405877,92.4171793111241,0.0
40.70821109909393,13.22455651597729,88.69384665062474,0.0
48.501549397044954,12.629828907168095,106.22711223900268,0.0
42.12181086881113,13.279929058742786,106.29529584221811,0.0
45.610049073226804,11.484254982143785,91.95684240340007,0.0
57.800422691343975,10.150867277803185,108.95355430762599,0.0
44.519700501376754,6.796068376205663,93.68422270834668,0.0
71.20533571998553,24.595183148715172,102.53165238037981,1.0
41.48411787437056,8.313506809367617,108.20344012612456,0.0
44.82505754751519,14.341885434995628,99.66387435296286,0.0
53.85400317817755,9.648228375135327,104.54740912141135,0.0
41.86516471106116,10.246409613568972,94.83570356112428,0.0
54.062242789984644,11.102970752080935,98.03533416571902,0.0
48.538759677277376,10.087204892744907,97.9414056911966,0.0
71.8687111684284,30.92668038051714,92.53421653459762,1.0
48.1620386952776,8.754701276531096,98.23225836884218,0.0
49.86277224813365,10.389214910474486,84.51381701136253,0.0
48.10904981108598,8.515058828603904,95.08846252857896,0.0
37.14887640054772,7.359954977558589,97.15124506630329,0.0
41.364314120875655,8.776461818189428,97.4382024750462,0.0
43.762406822242475,9.925926405903176,97.58502554129221,0.0
44.62783285449977,9.14139555096548,99.38235800139871,0.0
48.10336048775339,8.615158040252288,104.79441518086064,0.0
45.88850500466627,7.187365072656332,108.74517074132523,0.0
38.323278206449494,9.833788854742611,93.50234773151733,0.0
46.90098925502981,6.990559251937995,87.96799144610856,0.0
48.05292872641912,11.520111927379205,89.57955587756896,0.0
47.7989522396552,10.164879505869006,95.12797078805073,0.0
50.40390362777311,7.084897001070139,96.48078682183491,0.0
49.16961077274452,9.381581845900273,92.30003933802543,0.0
47.29590039614219,8.495687188818835,87.03883335750106,0.0
44.649171442706766,10.63834902083836,95.43879172525811,0.0
36.69519533242004,12.680900892046289,101.81426620113972,0.0
47.14809109566293,6.249655060708511,105.95029465835565,0.0
46.03843843581556,10.230052158294834,94.42576946891678,0.0
79.1518845334663,24.068553024741924,95.87002177856566,1.0
38.61625712089845,11.34268015290093,90.73301691152689,0.0
39.59471729795869,10.426393256475379,99.68560829625224,0.0
50.26576426666452,8.496061336522361,91.51571365809185,0.0
44.802224230716725,9.361892128666764,105.731278132412,0.0
48.40750348686312,8.407948286393022,82.14133508065889,0.0
45.14159188065231,12.152014277197196,96.40370327547538,0.0
45.14878069747873,10.042623297343884,103.01107339191742,0.0
49.69141902987999,13.802381371506016,101.83834516322504,0.0
42.41977635891313,9.878678372370759,126.93033663980496,0.0
45.48060388470492,8.583186466179075,103.49800024567908,0.0
42.68862355647479,6.972571214774346,89.9594540315799,0.0
42.827518862838424,6.393720647488109,99.04535752910927,0.0
43.454139382656805,6.831728113989021,82.23753666533548,0.0
46.110668858168566,10.534253302022966,99.1940025070324,0.0
42.60625689168261,11.017450046459867,91.66943942999241,0.0
51.278780627867604,6.837618595935734,109.15390275560162,0.0
40.52696348890248,11.790076628152232,94.50459725404465,0.0
44.06564177919321,9.033877896633122,98.83234084204753,0.0
67.68622043639661,25.74184444449869,93.64442158595597,1.0
52.23488942176866,13.224441256510849,117.38851351853332,0.0
70.98370720573274,26.865363922689962,96.78757233882088,1.0
50.159222697343175,9.462938704188335,118.32557043479201,0.0
37.57219813481514,8.217615549169425,108.14151762118266,0.0
46.33525132934629,5.69636919734139,104.82066727335386,0.0
49.44815397811718,8.56169336151516,103.68733147317519,0.0
45.41141994637712,9.577739522344611,103.93797298216252,0.0
50.32740187532676,8.025640945697631,80.72327420654389,0.0
42.41355774949814,9.737486065815391,97.21116605849244,0.0
52.0467372009279,10.153703765917536,108.45157971184321,0.0
56.49449061809625,9.550288036383844,99.51102816525895,0.0
43.18580719780171,8.699994838353081,85.94810153196426,0.0
42.77248739299614,10.337309343933455,99.4759554942253,0.0
52.2669223855885,10.883881299138817,117.04105516255491,0.0
52.89786072865356,7.819201845114308,112.4689171553472,0.0
42.38569986423366,12.82186475949254,99.37995990633968,0.0
42.89906591452071,9.802823735431476,109.51449277058086,0.0
43.59107695569747,10.037699245889696,96.33492979631949,0.0
38.27774744482861,11.416428846513114,82.96128413173281,0.0
40.40674026757901,10.466432262527004,90.75534011870445,0.0
39.97929616623966,11.90627326782649,115.62888768508198,0.0
41.16101217447936,10.574248330403648,97.26006918170695,0.0
44.82657556306609,8.775125250719125,97.56616020624982,0.0
46.1710736626826,10.723007050412203,97.00161803725119,0.0
52.75250246407038,7.712547585358676,119.04136589573007,0.0
40.00822979630605,10.217119411553046,116.25958915362062,0.0
49.92161199238292,9.933540018711078,122.18780233448135,0.0
43.93005577887246,9.58376628545492,98.40954789599948,0.0
44.752681451737836,9.742924977122138,102.95624488747094,0.0
48.37409746083302,6.236301909004721,84.83357450579209,0.0
70.83769553741882,24.15552166624478,114.76934426118274,1.0
46.912048730920255,10.18568980228223,88.32220448732065,0.0
45.83226104106528,10.3197127839948,102.16775563762629,0.0
47.462256320040744,7.944649718148083,89.02697472367156,0.0
46.44584321953909,12.531415681729401,94.11133173261304,0.0
57.276500699554475,8.267650303571,91.627375689503,0.0
41.81130007874342,11.938914401053474,93.92124739324183,0.0
42.34501522499091,10.85438872374337,94.60877296851021,0.0
41.88429736787618,8.707545380312395,94.51731205074923,0.0
42.22261440419873,13.550621785219024,108.33333911780306,0.0
41.81306436346741,7.6127263364870394,88.9513720693748,0.0
50.94508265553776,11.838308347220003,102.20541427013868,0.0
52.102521239949276,12.001164636085957,112.17959152305559,0.0
42.146268531252616,8.65875958184671,94.86803635486604,0.0
40.838222134478855,12.784930600128657,92.82081109252398,0.0
47.35707778193202,9.499906970802094,97.69475374819748,0.0
42.23888477859514,10.577387258559714,111.7972520836071,0.0
48.164659088777555,10.520643677542441,101.94107630953357,0.0
46.0146151042565,9.731382517058904,94.68785705392402,0.0
37.42127942501384,11.621616546319565,104.8387665118804,0.0
52.737526006650306,11.586977441104427,88.97707850163576,0.0
53.97938836547761,6.502936053523639,106.81359510442948,0.0
41.93605654757807,12.608680485756306,104.08607307701767,0.0
43.06149220032008,6.675016023928651,96.92191528861116,0.0
46.429326953624525,12.065092408683315,91.61414201552769,0.0
46.67228394993513,12.253410273655167,91.13319077716542,0.0
48.29272136336415,7.818067139569603,105.3481733634591,0.0
55.05102269383175,9.17837142409083,112.28980502489063,0.0
44.11526386252975,7.7885906630281285,93.62692252971205,0.0
41.00851377730773,9.57015793942253,104.58386703551484,0.0
60.242433508460145,25.400606226284083,79.12972981397931,1.0
41.34534980029041,11.559321064538679,94.153822693428,0.0
44.83436513563102,12.620617492239216,99.68941067129099,0.0
53.97278931758894,12.791367621579912,90.90316583018166,0.0
42.41194350481914,8.875663946843396,90.63493625210404,0.0
46.11893975819449,9.581556252510945,93.32220443531114,0.0
44.917885519636236,6.6331236155581,102.92192728326373,0.0
50.94196636724042,8.388259867007623,98.12670981593625,0.0
57.63466212936811,11.929703266194915,77.61768766675027,0.0
42.3456561353984,13.231165647096464,78.79299847364933,0.0
42.552802787408886,7.531302256240156,93.93134822142825,0.0
50.22080438534536,8.815071481694211,104.57686586053552,0.0
48.409457448131555,9.947188486082146,72.52495157274765,0.0
54.23353662868017,10.560322317639214,95.00269823848369,0.0
47.91964092662982,8.380792960156707,94.7375214348258,0.0
43.203539546064704,10.848122088928179,113.88337778208448,0.0
47.95327415346155,9.052321305858168,96.14978188287137,0.0
50.54351790291454,9.971095458243441,103.82988984740929,0.0
76.06076398406319,24.990336735622954,101.41257140087463,1.0
47.53637015553649,10.012844539621875,78.694335201928,0.0
50.33337344794577,9.127228218946863,107.68207216631737,0.0
50.84647795222836,9.780780392148339,102.15396505456287,0.0
51.91079495518763,9.823274081589329,105.0826863967459,0.0
48.24354943794821,9.259977940235744,139.26237706436325,0.0
44.16440959841573,9.482407874665796,79.15887060501412,0.0
68.53983883192515,33.616842972995464,117.24696649761108,1.0
51.03254483254179,11.121838895882478,97.12552480599645,0.0
60.13042926935236,26.4477664194236,102.87328904403009,1.0
46.84336654436451,11.393908809021472,99.54487754698758,0.0
43.0333059383632,9.33236102048798,95.75763666601956,0.0
45.143724114674086,12.346249275173282,94.30167071761241,0.0
51.39225931303649,10.739284384396187,103.29508735573009,0.0
45.95549534009952,9.785395711991542,84.8282630332832,0.0
45.23218274078074,10.895433851620556,107.50579167521765,0.0
60.69387293676131,24.548013658571058,95.83805595114745,1.0
48.731267830136105,7.746465062180389,88.69930660959642,0.0
48.22742090570538,7.612149987201889,95.49987142004187,0.0
55.8162736165273,10.285886189527414,112.57149216862572,0.0
43.461108825234994,13.465029998970184,94.64664912983777,0.0
46.0957516383197,14.462600292385265,103.5845361820962,0.0
46.246918418553776,11.276102202881514,92.69043724284526,0.0
52.887266398817374,11.001688949888914,107.57921849923619,0.0
44.52352233806524,6.3978845316945225,106.85507738790204,0.0
46.3951076288517,8.914652400531956,118.48608833296412,0.0
48.0394825485827,8.424432496183522,98.24436054500785,0.0
45.93304561578179,8.758304803497769,106.68654804757907,0.0
42.76783192724736,9.66371236283042,100.98067539538944,0.0
45.970449964491536,9.055818844605746,112.95871781863015,0.0
50.36815874929886,6.041400379248424,92.81167612391269,0.0
39.867423502944696,11.495820512235067,107.45005312877281,0.0
45.66484837073438,7.8545139485203865,98.05302703883318,0.0
74.6118876298092,24.02412169915162,99.35811822891502,1.0
71.51914064409046,28.761467787145378,100.91752484448372,1.0
37.384065476081126,8.161230816827153,102.52240396426677,0.0
42.20539076364206,4.9394249545073405,98.83770956878041,0.0
46.8860593753226,9.427991556239778,102.14713183170527,0.0
52.827620146171704,12.201919269997141,115.78118057562185,0.0
44.67124869463506,13.916694908441187,109.85449685615218,0.0
42.22400236653401,7.540900811095167,108.69154592496896,0.0
54.40578534720295,10.993398446473044,95.44460473976129,0.0
37.75993049791878,9.069379086439893,91.10759171771676,0.0
34.00597021689959,9.788103291391728,109.55300558237752,0.0
47.200072250266665,15.28868669403407,108.76046792529795,0.0
42.489728878236946,6.994059343209694,114.72670675750982,0.0
39.89383591434643,10.507479322989147,93.9601937403077,0.0
48.541782236496765,10.935386343530867,97.70451344639653,0.0
46.219003568855996,12.171572649878694,83.60515837474566,0.0
42.17960684631636,10.195966306941791,96.07528893939127,0.0
38.59847800664553,10.616101079008205,109.96570510579447,0.0
49.36228664140072,9.216702865156417,95.33504620771802,0.0
48.251005889793305,10.538253882490215,106.40479795200824,0.0
44.50412068110309,9.313615449005178,98.09496894002189,0.0
54.23318498023833,11.243143779712101,103.2405702822156,0.0
39.64957616836924,9.260779327912733,88.52308610184332,0.0
37.372374145376305,10.754200787804374,100.852094496339,0.0
41.540459650593775,9.941474372630044,70.08864029099277,0.0
44.77206991822251,12.252100501544337,98.13103841838016,0.0
46.21669724661346,9.897212552823028,83.6952675628486,0.0
43.79381971071835,6.453935063586237,112.05994516546816,0.0
46.76027698257148,12.523843001427984,107.77407352764511,0.0
73.25876631768358,22.52570861376048,104.66670981966081,1.0
52.2188230203663,8.69246732270236,115.2100622715938,0.0
44.58924410803716,8.808677411913015,90.51083479175162,0.0
67.12307108038596,30.576511871702053,117.47363197915558,1.0
46.71362673188852,5.728651572042609,109.32191564260384,0.0
47.28376609576892,16.27549706731999,97.63444712781055,0.0
47.84883640116102,12.112113618132103,111.35620147182944,0.0
47.23854280008658,10.446477828258319,88.93706487588366,0.0
48.21361379933772,9.890211998767427,91.75485838472326,0.0
51.64576265066216,10.571108149715315,93.914102767603,0.0
45.98260584850735,11.042244856758677,94.71022291935985,0.0
48.54501878794256,11.290431171900114,89.43442357239748,0.0
44.55132152856387,11.111208932006896,112.23083067095325,0.0
52.200586077247365,10.179161362510497,97.41145599630168,0.0
41.61803848970365,9.605323159385348,103.5250496835688,0.0
78.69550174475066,25.719415841929397,94.2964863358632,1.0
44.79921024677828,9.610183439294637,81.79396699451483,0.0
37.84612448940976,12.26754019373413,102.70057358391422,0.0
45.64052207455395,11.187113444561724,80.87745024580224,0.0
41.5947417126256,4.1192227306714395,99.31365953914532,0.0
49.20321774494362,11.311801553059523,86.3168496116719,0.0
41.73688010348805,10.38947238943755,119.87275999230808,0.0
42.7690828339261,9.962582487108206,109.11362722174722,0.0
35.552296345272346,9.222963093822228,101.0575379127148,0.0
42.73846840375462,12.248225439972027,112.63706677654669,0.0
32.88060336685522,11.895052924245716,91.53684022534264,0.0
37.08048588257138,8.454244664352782,105.43479378670094,0.0
77.62259976236196,30.767814310310932,101.99810433718713,1.0
48.92900079325416,8.056686530917428,102.6402008133367,0.0
47.12728780892483,7.2407636704221385,112.72353500106767,0.0
40.165119284353935,8.746565550820069,107.32492102779803,0.0
66.01536513384549,27.359588086531037,102.88723662825024,1.0
44.98198730454716,11.906250090752174,83.45112563771704,0.0
39.20817655403729,11.026170840194586,90.39953704720537,0.0
81.4759735728531,22.345384757519106,98.77291066404275,1.0
49.386811452878355,11.032356574229917,100.93372374276652,0.0
61.44944704135604,21.937820406257405,88.69796275326075,1.0
45.134429194972654,10.863845089347882,124.11676675578421,0.0
80.0894886323308,27.59527483652064,115.16394055253573,1.0
34.791325657878545,11.508582659627148,106.02118320392483,0.0
67.38093374158979,30.367400644639027,100.72036861283745,1.0
41.59007876001101,11.416607694402128,97.87791030098849,0.0
67.88899486502027,28.15350032367995,90.48081539977764,1.0
43.594498535570224,12.140300476632856,100.77480518518863,0.0
53.988432634247616,9.94695748150188,102.57752540142751,0.0
48.20421430633505,8.236250697544564,87.58239424518376,0.0
42.144105051086015,9.673866072112473,103.34176417244898,0.0
47.86291390678079,8.510194710387102,98.44740951175251,0.0
